{
    "elapsed_time": 164.42092473699813,
    "num_requests": 500,
    "total_num_tokens": 367735,
    "requests_per_second": 3.0409754768122257,
    "tokens_per_second": 2236.546233931088
}